,City,Country,Lat,Lng,Max Temp,Humidity,Cloudiness,Wind Speed,Current Description
0,Hermanus,ZA,-34.4187,19.2345,63.81,74,85,14.88,overcast clouds
1,Algiers,DZ,36.7525,3.042,57.02,94,75,6.91,moderate rain
2,Mont-De-Marsan,FR,44.0,-0.6667,60.28,57,0,6.91,clear sky
3,Hithadhoo,MV,-0.6,73.0833,83.44,68,0,13.27,clear sky
4,Daru,PG,-9.0763,143.2092,76.89,89,100,5.17,moderate rain
5,San Patricio,US,28.017,-97.5169,89.69,23,0,12.33,clear sky
6,Albany,US,42.6001,-73.9662,47.88,75,100,3.0,moderate rain
7,Bredasdorp,ZA,-34.5322,20.0403,64.2,72,16,14.07,few clouds
8,Te Anau,NZ,-45.4167,167.7167,47.52,97,55,0.92,broken clouds
9,Suixi,CN,33.8907,116.7747,50.07,85,100,6.82,overcast clouds
10,Chuy,UY,-33.6971,-53.4616,71.28,64,88,15.97,overcast clouds
11,Yuzhnyy,RU,53.2542,83.6936,16.18,57,0,11.18,clear sky
12,Luwuk,ID,-0.9516,122.7875,76.78,84,99,2.84,overcast clouds
13,Black River,JM,18.0264,-77.8487,84.27,54,53,6.29,broken clouds
14,Busselton,AU,-33.65,115.3333,64.26,83,95,18.59,overcast clouds
15,Cherskiy,RU,68.75,161.3,-12.35,99,100,5.46,overcast clouds
16,Butaritari,KI,3.0707,172.7902,80.47,75,100,14.76,overcast clouds
17,Maiduguri,NG,11.8464,13.1603,80.15,11,42,9.51,scattered clouds
18,Punta Arenas,CL,-53.15,-70.9167,53.71,66,100,0.0,light intensity shower rain
19,Baykit,RU,61.67,96.37,16.29,89,100,11.56,light snow
20,Kenai,US,60.5544,-151.2583,37.45,64,0,9.22,clear sky
21,Klyuchi,RU,52.2667,79.1667,15.51,91,100,10.22,overcast clouds
22,Chokurdakh,RU,70.6333,147.9167,-2.18,97,100,8.77,overcast clouds
23,Mataura,NZ,-46.1927,168.8643,45.84,99,27,1.21,scattered clouds
24,Tiksi,RU,71.6872,128.8694,-13.25,100,99,3.09,overcast clouds
25,Georgetown,MY,5.4112,100.3354,84.13,79,20,0.0,few clouds
26,Mentakab,MY,3.4865,102.3516,73.87,98,9,2.35,clear sky
27,Saint-Philippe,RE,-21.3585,55.7679,78.39,85,36,7.49,scattered clouds
28,Cap Malheureux,MU,-19.9842,57.6142,80.47,83,3,3.0,clear sky
29,Saskylakh,RU,71.9167,114.0833,-23.51,100,100,2.68,overcast clouds
30,Atuona,PF,-9.8,-139.0333,78.73,81,47,16.53,light rain
31,Zyryanka,RU,65.75,150.85,-6.12,97,100,3.49,overcast clouds
32,Rikitea,PF,-23.1203,-134.9692,79.21,73,6,12.39,clear sky
33,Casa Branca,BR,-21.7739,-47.0864,80.98,65,89,1.34,overcast clouds
34,Omsukchan,RU,62.5333,155.8,-7.6,98,100,3.47,overcast clouds
35,Avarua,CK,-21.2078,-159.775,77.05,94,20,5.75,light rain
36,Hilo,US,19.7297,-155.09,78.24,74,100,1.01,overcast clouds
37,Puerto Suarez,BO,-18.95,-57.8,77.56,73,75,4.61,broken clouds
38,Tuktoyaktuk,CA,69.4541,-133.0374,-9.4,64,40,12.66,scattered clouds
39,Gazimurskiy Zavod,RU,51.5461,118.3266,6.89,100,100,1.43,overcast clouds
40,Adrar,MR,20.5022,-10.0711,79.81,14,2,6.24,clear sky
41,Nikolskoye,RU,59.7035,30.7861,26.87,88,100,20.29,light snow
42,Faanui,PF,-16.4833,-151.75,81.72,73,13,14.29,few clouds
43,Saint George,US,37.1041,-113.5841,80.64,15,0,3.44,clear sky
44,Kantemirovka,RU,49.7089,39.8592,46.67,56,100,23.8,overcast clouds
45,Souillac,MU,-20.5167,57.5167,80.98,83,40,5.75,scattered clouds
46,Taoudenni,ML,22.6783,-3.9836,87.04,12,50,5.1,scattered clouds
47,Yellowknife,CA,62.456,-114.3525,2.41,66,100,4.0,overcast clouds
48,Shingu,JP,33.7333,135.9833,59.25,94,99,4.59,overcast clouds
49,Kiama,AU,-34.6833,150.8667,68.0,95,100,1.01,overcast clouds
50,Taltal,CL,-25.4,-70.4833,69.26,69,22,6.93,few clouds
51,Tetouan,MA,35.5711,-5.3724,56.17,77,20,6.91,few clouds
52,Qandala,SO,11.472,49.8728,77.81,63,7,3.33,clear sky
53,Pevek,RU,69.7008,170.3133,-6.45,98,100,8.23,overcast clouds
54,Clyde River,CA,70.4692,-68.5914,-1.97,84,100,5.75,light snow
55,Palmer,US,42.1584,-72.3287,51.96,76,100,0.0,light rain
56,Carnarvon,AU,-24.8667,113.6333,77.07,69,100,5.75,overcast clouds
57,Jamestown,US,42.097,-79.2353,39.02,58,100,18.99,overcast clouds
58,Umm Lajj,SA,25.0213,37.2685,68.54,51,0,21.65,clear sky
59,Kavaratti,IN,10.5669,72.642,82.18,70,3,1.48,clear sky
60,Killybegs,IE,54.6333,-8.45,53.31,69,11,4.14,few clouds
61,Petatlan,MX,17.5167,-101.2667,85.8,26,17,8.77,few clouds
62,Oranjemund,NA,-28.55,16.4333,61.39,80,0,5.44,clear sky
63,Kudymkar,RU,59.0173,54.656,32.4,89,100,15.05,overcast clouds
64,New Norfolk,AU,-42.7826,147.0587,56.91,84,6,2.39,clear sky
65,Marsa Matruh,EG,31.3525,27.2453,58.1,65,0,9.98,clear sky
66,Kapaa,US,22.0752,-159.319,76.48,66,75,16.11,broken clouds
67,Kurilsk,RU,45.2333,147.8833,41.54,93,100,29.21,overcast clouds
68,Townsville,AU,-19.25,146.8,76.08,78,19,6.91,few clouds
69,Port Elizabeth,ZA,-33.918,25.5701,66.49,85,100,3.44,overcast clouds
70,Mehamn,NO,71.0357,27.8492,23.95,67,100,25.86,light snow
71,Gat,IL,31.61,34.7642,55.4,67,0,2.57,clear sky
72,Geraldton,AU,-28.7667,114.6,73.81,88,40,8.05,scattered clouds
73,Nhulunbuy,AU,-12.2333,136.7667,75.81,94,86,3.44,overcast clouds
74,Vestmannaeyjar,IS,63.4427,-20.2734,46.83,92,100,19.77,light rain
75,Garissa,KE,-0.4536,39.6401,86.18,57,96,15.5,light rain
76,Vaini,TO,-21.2,-175.2,75.36,83,40,5.75,scattered clouds
77,Brae,GB,60.3964,-1.353,46.99,90,99,11.88,overcast clouds
78,Arona,ES,28.0996,-16.681,62.38,69,75,9.22,broken clouds
79,Dembi Dolo,ET,8.5333,34.8,70.18,26,76,3.87,broken clouds
80,Ixtapa,MX,20.7,-105.2,78.03,53,0,10.36,clear sky
81,Port Alfred,ZA,-33.5906,26.891,65.17,84,99,4.0,overcast clouds
82,Castro,BR,-24.7911,-50.0119,73.71,72,89,7.72,overcast clouds
83,Hervey Bay,AU,-25.2986,152.8535,73.26,81,63,5.95,light rain
84,Port Blair,IN,11.6667,92.75,78.84,94,20,2.3,mist
85,Leningradskiy,RU,69.3833,178.4167,-9.98,84,1,5.14,clear sky
86,Yar-Sale,RU,66.8333,70.8333,-6.86,91,66,7.74,broken clouds
87,Mahebourg,MU,-20.4081,57.7,80.89,83,40,5.75,scattered clouds
88,Ardakan,IR,32.31,54.0175,56.68,15,0,10.85,clear sky
89,Lebu,CL,-37.6167,-73.65,61.32,70,76,6.35,broken clouds
90,Airai,TL,-8.9266,125.4092,59.25,89,96,1.12,overcast clouds
91,Semirara,PH,12.0697,121.3986,82.27,79,54,18.9,broken clouds
92,Saint Anthony,US,45.0205,-93.218,32.9,37,0,23.02,clear sky
93,Ribeira Grande,PT,38.5167,-28.7,59.4,82,40,16.11,mist
94,Arkhipo-Osipovka,RU,44.37,38.52,41.4,90,64,7.76,broken clouds
95,Kismayo,SO,-0.3582,42.5454,81.55,83,7,9.66,clear sky
96,Tuatapere,NZ,-46.1333,167.6833,49.64,93,29,1.97,scattered clouds
97,Ushtobe,KZ,45.2514,77.9838,50.7,57,100,4.25,light rain
98,Bethel,US,41.3712,-73.414,53.2,82,100,6.91,light rain
99,Kloulklubed,PW,7.0419,134.2556,83.25,75,100,17.07,moderate rain
100,Santa Cruz,BO,-17.8,-63.1667,82.45,36,75,11.5,broken clouds
101,Ushuaia,AR,-54.8,-68.3,49.66,81,75,6.91,light intensity drizzle
102,Muhos,FI,64.808,25.9931,22.78,67,4,11.54,clear sky
103,Bahia Honda,CU,22.9036,-83.1592,77.32,50,73,11.95,broken clouds
104,Itarema,BR,-2.9248,-39.9167,83.07,75,100,11.48,overcast clouds
105,Victoria,HK,22.2855,114.1577,74.97,90,77,5.01,broken clouds
106,Longyearbyen,SJ,78.2186,15.6401,-0.56,78,20,9.22,few clouds
107,Port-Gentil,GA,-0.7193,8.7815,81.93,84,98,11.36,overcast clouds
108,Aksu,CN,41.1231,80.2644,50.59,45,100,4.79,overcast clouds
109,Dikson,RU,73.5069,80.5464,-3.95,92,100,14.0,overcast clouds
110,Hobart,AU,-42.8794,147.3294,56.26,94,75,5.75,fog
111,Avera,US,33.194,-82.5271,65.91,25,0,20.89,clear sky
112,Bulgan,MN,48.8125,103.5347,20.82,49,0,5.5,clear sky
113,Esperance,AU,-33.8667,121.9,66.51,89,100,4.32,overcast clouds
114,College,US,64.8569,-147.8028,30.2,62,75,0.0,broken clouds
115,Kruisfontein,ZA,-34.0033,24.7314,63.88,83,93,5.03,overcast clouds
116,Asau,RO,46.4333,26.4,53.96,39,100,13.65,overcast clouds
117,Arraial Do Cabo,BR,-22.9661,-42.0278,91.36,66,0,18.41,clear sky
118,East London,ZA,-33.0153,27.9116,66.79,88,92,11.68,light rain
119,Rio Grande,BR,-32.035,-52.0986,77.11,59,65,16.46,broken clouds
120,La Ronge,CA,55.1001,-105.2842,1.62,38,0,6.91,clear sky
121,Tevaitoa,PF,-16.7833,-151.5,81.91,73,16,14.05,few clouds
122,Egvekinot,RU,66.3167,-179.1667,3.0,96,100,2.57,overcast clouds
123,Touros,BR,-5.1989,-35.4608,82.17,74,100,11.14,overcast clouds
124,Fairbanks,US,64.8378,-147.7164,30.09,63,75,0.0,broken clouds
125,Fortuna,US,40.5982,-124.1573,68.94,62,0,1.99,clear sky
126,Alyangula,AU,-13.8483,136.4192,80.85,64,100,7.16,overcast clouds
127,Bluff,NZ,-46.6,168.3333,54.93,82,41,2.84,scattered clouds
128,Cape Town,ZA,-33.9258,18.4232,68.41,64,0,8.05,clear sky
129,Khatanga,RU,71.9667,102.5,-12.66,100,58,7.2,broken clouds
130,Chimore,BO,-16.9833,-65.1333,69.51,86,100,0.92,overcast clouds
131,Cidreira,BR,-30.1811,-50.2056,73.27,64,97,11.1,overcast clouds
132,Mount Gambier,AU,-37.8333,140.7667,46.31,93,75,5.75,fog
133,Vao,NC,-22.6667,167.4833,75.97,74,74,11.36,broken clouds
134,Cayenne,GF,4.9333,-52.3333,82.44,1,75,9.22,broken clouds
135,Beloha,MG,-25.1667,45.05,70.74,92,11,6.06,few clouds
136,Shangzhi,CN,45.2167,127.9667,31.55,94,97,11.1,light snow
137,Solnechnyy,RU,50.7214,136.6319,23.29,95,100,9.46,snow
138,Klaksvik,FO,62.2266,-6.589,47.32,84,100,25.39,overcast clouds
139,Sambava,MG,-14.2667,50.1667,79.12,88,4,5.91,clear sky
140,Sakakah,SA,29.9697,40.2064,54.97,37,2,8.21,clear sky
141,Belmonte,BR,-15.8631,-38.8828,82.85,67,4,8.03,clear sky
142,Richards Bay,ZA,-28.783,32.0377,70.38,90,11,5.41,few clouds
143,Lorengau,PG,-2.0226,147.2712,81.12,77,100,7.61,overcast clouds
144,Alice Springs,AU,-23.7,133.8833,54.95,54,6,0.0,clear sky
145,Skjervoy,NO,70.0311,20.9714,24.8,54,100,17.02,light snow
146,Ferkessedougou,CI,9.6,-5.2,89.62,39,65,3.76,broken clouds
147,Almaty,KZ,43.25,76.95,49.91,62,100,15.66,light rain
148,Redcliffe,AU,-27.2307,153.0973,69.89,88,75,5.75,broken clouds
149,Iquique,CL,-20.2208,-70.1431,71.64,69,6,10.04,clear sky
150,Soledade,BR,-28.8183,-52.5103,62.17,82,99,7.45,overcast clouds
151,Axim,GH,4.8699,-2.2405,81.07,81,64,7.11,light rain
152,Boulder City,US,35.9786,-114.8325,89.02,7,0,14.97,clear sky
153,Manga,BF,11.6636,-1.0731,94.37,15,9,5.77,clear sky
154,Novyy Urengoy,RU,66.0833,76.6333,-4.49,90,34,10.38,scattered clouds
155,Dingle,PH,10.9995,122.6711,76.19,89,94,6.73,overcast clouds
156,Isangel,VU,-19.55,169.2667,77.11,80,82,8.05,broken clouds
157,Da Lat,VN,11.9465,108.4419,61.02,93,1,1.12,clear sky
158,Orichi,RU,58.4036,49.0572,33.39,97,100,16.37,snow
159,Mihijam,IN,23.8526,86.8788,78.78,23,9,3.87,clear sky
160,Byron Bay,AU,-28.65,153.6167,65.95,96,100,4.83,light rain
161,Nanortalik,GL,60.1432,-45.2371,29.82,78,6,2.66,clear sky
162,Lata,PT,40.1629,-8.3327,63.07,69,21,4.38,few clouds
163,Horodnytsya,UA,50.807,27.3168,44.44,48,64,19.46,broken clouds
164,Ati,TD,13.2154,18.3353,82.0,10,9,14.16,clear sky
165,Porto Walter,BR,-8.2686,-72.7439,82.76,90,81,3.44,broken clouds
166,Tasiilaq,GL,65.6145,-37.6368,28.56,77,3,3.69,clear sky
167,Kaitangata,NZ,-46.2817,169.8464,47.66,96,33,3.96,scattered clouds
168,Iqaluit,CA,63.7506,-68.5145,24.53,79,40,13.8,scattered clouds
169,Severo-Kurilsk,RU,50.6789,156.125,25.84,83,99,7.65,overcast clouds
170,Baisha,CN,26.5222,110.9311,51.48,91,99,3.74,overcast clouds
171,Tevriz,RU,57.509,72.4042,-1.37,99,28,2.86,scattered clouds
172,San Carlos De Bariloche,AR,-41.1456,-71.3082,60.55,41,0,28.77,clear sky
173,Sabang,ID,5.8933,95.3214,83.14,72,18,7.43,few clouds
174,Bambous Virieux,MU,-20.3428,57.7575,80.85,83,40,5.75,scattered clouds
175,Mount Hagen,PG,-5.8581,144.2274,57.79,98,100,0.96,overcast clouds
176,Vozrozhdeniye,RU,44.5503,38.2136,39.63,93,58,4.99,broken clouds
177,Bubaque,GW,11.2833,-15.8333,77.27,70,0,20.27,clear sky
178,Provideniya,RU,64.3833,-173.3,12.79,96,100,2.13,overcast clouds
179,Ponta Do Sol,PT,32.6667,-17.1,63.01,74,100,15.03,overcast clouds
180,Puerto Escondido,MX,15.85,-97.0667,85.03,65,40,10.36,scattered clouds
181,Luderitz,NA,-26.6481,15.1594,65.03,72,0,7.92,clear sky
182,San Jose,US,37.3394,-121.895,74.53,52,40,8.05,scattered clouds
183,Ecoporanga,BR,-18.3733,-40.8306,87.21,49,39,2.89,scattered clouds
184,Shumskiy,RU,54.8318,99.1328,23.92,75,82,11.99,broken clouds
185,Mar Del Plata,AR,-38.0023,-57.5575,64.42,92,100,15.99,overcast clouds
186,Samana,DO,19.2056,-69.3369,88.02,66,40,6.91,scattered clouds
187,Bonthe,SL,7.5264,-12.505,80.74,78,100,10.07,overcast clouds
188,Plouzane,FR,48.3833,-4.6167,57.25,72,0,10.36,mist
189,Puerto Narino,CO,-3.7703,-70.3831,83.79,76,100,2.8,overcast clouds
190,Hamilton,US,39.1834,-84.5333,38.8,68,100,19.57,overcast clouds
191,Akdepe,TM,42.0551,59.3788,41.09,59,33,20.31,scattered clouds
192,San Quintin,MX,30.4833,-115.95,67.64,66,74,8.7,broken clouds
193,Taber,CA,49.8167,-112.1518,49.84,41,13,4.61,few clouds
194,Batagay,RU,67.6333,134.6333,-7.71,100,100,4.43,overcast clouds
195,Itoman,JP,26.1247,127.6694,64.42,100,75,11.5,mist
196,Tilichiki,RU,60.4667,166.1,1.11,95,53,2.95,broken clouds
197,Gorlice,PL,49.6556,21.1604,54.28,77,100,12.01,overcast clouds
198,Codrington,AU,-38.2667,141.9667,54.95,78,0,4.36,clear sky
199,Den Helder,NL,52.9599,4.7593,51.03,92,100,17.0,overcast clouds
200,Krasnoselkup,RU,65.7,82.4667,7.75,92,100,19.33,overcast clouds
201,Guilin,CN,25.2819,110.2864,55.51,84,100,8.03,overcast clouds
202,Baruun-Urt,MN,46.6806,113.2792,19.04,49,0,7.31,clear sky
203,Mahibadhoo,MV,3.7833,72.9667,81.99,65,0,5.41,clear sky
204,Novo Aripuana,BR,-5.1206,-60.3797,85.75,78,70,1.61,moderate rain
205,Kirakira,SB,-10.4544,161.9205,78.94,85,97,4.03,overcast clouds
206,Yamada,JP,39.4667,141.95,56.57,83,100,17.94,overcast clouds
207,Beyneu,KZ,45.3167,55.2,36.7,84,99,13.96,overcast clouds
208,Goderich,CA,43.7501,-81.7165,34.92,86,100,16.11,overcast clouds
209,Tartus,SY,34.889,35.8866,56.61,70,29,16.46,scattered clouds
210,Mayo,US,38.8876,-76.5119,54.21,50,75,12.66,broken clouds
211,Petropavlovka,RU,50.6114,105.3196,6.66,87,18,4.12,few clouds
212,Ambilobe,MG,-13.2,49.05,75.15,96,10,2.3,clear sky
213,Lockhart,US,28.6194,-81.4426,80.28,35,0,17.27,clear sky
214,Bahar,IR,34.9072,48.4414,32.16,59,20,6.91,few clouds
215,Bartica,GY,6.4,-58.6167,86.32,57,100,7.11,overcast clouds
216,Fare,PF,-16.7,-151.0167,81.7,73,67,13.35,broken clouds
217,Lasa,IT,46.6166,10.7002,49.69,69,5,0.6,clear sky
218,Gravdal,NO,68.1214,13.5031,28.29,80,75,2.3,broken clouds
219,Vrangel,RU,42.7297,133.0839,34.41,88,2,7.9,clear sky
220,Ilulissat,GL,69.2167,-51.1,15.82,67,75,0.0,broken clouds
221,Iguape,BR,-24.7081,-47.5553,81.28,78,100,9.31,overcast clouds
222,Qasigiannguit,GL,68.8193,-51.1922,16.05,79,100,2.19,overcast clouds
223,Mocuba,MZ,-16.8392,36.9856,75.9,92,100,4.23,overcast clouds
224,Mubende,UG,0.5606,31.39,63.82,96,78,1.68,moderate rain
225,Puerto Ayora,EC,-0.7393,-90.3518,80.56,73,63,9.89,broken clouds
226,Kalmunai,LK,7.4167,81.8167,78.66,84,9,5.88,clear sky
227,Coihaique,CL,-45.5752,-72.0662,64.35,42,75,6.91,light intensity shower rain
228,Sur,OM,22.5667,59.5289,82.44,39,0,10.65,clear sky
229,Say,NE,13.1007,2.3689,99.16,10,16,10.78,few clouds
230,Haines Junction,CA,60.7522,-137.5108,33.75,51,100,0.0,overcast clouds
231,Mormugao,IN,15.4,73.8,83.46,74,40,6.91,scattered clouds
232,Nantucket,US,41.2835,-70.0995,51.91,81,100,11.5,light rain
233,Tricase,IT,39.9304,18.3553,49.35,80,10,7.25,clear sky
234,Kuusamo,FI,65.9667,29.1833,15.84,53,0,12.66,clear sky
235,Urumqi,CN,43.801,87.6005,38.35,52,0,2.24,clear sky
236,High Rock,BS,26.6208,-78.2833,73.42,55,0,14.99,clear sky
237,Kodiak,US,57.79,-152.4072,38.71,81,75,0.0,broken clouds
238,Takoradi,GH,4.8845,-1.7554,82.31,77,100,8.68,overcast clouds
239,Saint-Denis,FR,48.9167,2.3333,62.15,34,0,11.5,clear sky
240,Thompson,CA,55.7435,-97.8558,1.9,71,94,12.12,overcast clouds
241,Alausi,EC,-2.2,-78.8333,52.12,96,100,1.68,light rain
242,Silvan,TR,38.1419,41.0081,37.69,74,100,5.61,overcast clouds
243,Tasquillo,MX,20.55,-99.3,76.71,10,0,9.82,clear sky
244,Mildura,AU,-34.2,142.15,58.96,67,0,3.44,clear sky
245,Bandarbeyla,SO,9.4942,50.8122,77.99,62,5,11.18,clear sky
246,Ulladulla,AU,-35.35,150.4667,56.77,89,66,2.68,broken clouds
247,Lompoc,US,34.6391,-120.4579,76.69,77,0,6.91,clear sky
248,Meulaboh,ID,4.1363,96.1285,78.89,81,99,3.47,overcast clouds
249,Nambour,AU,-26.6333,152.95,70.11,98,98,1.01,overcast clouds
250,Presque Isle,US,46.6811,-68.0159,40.17,77,100,0.0,overcast clouds
251,Suhbaatar,MN,50.2314,106.2078,18.18,56,0,1.77,clear sky
252,Vikhorevka,RU,56.1201,101.1636,26.19,78,93,14.47,overcast clouds
253,Tocopilla,CL,-22.092,-70.1979,72.77,64,22,9.93,few clouds
254,Kananga,CD,-5.8958,22.4178,74.05,78,100,3.56,overcast clouds
255,Giddalur,IN,15.35,78.9167,78.51,75,6,3.13,clear sky
256,Ban Phai,TH,16.06,102.731,75.42,53,6,3.69,clear sky
257,Galesong,ID,-5.3166,119.3661,77.02,84,100,2.46,overcast clouds
258,Port Macquarie,AU,-31.4333,152.9167,64.29,100,75,1.14,light rain
259,Zorritos,PE,-3.6805,-80.6782,84.49,75,97,6.24,overcast clouds
260,Ipaba,BR,-19.4136,-42.4194,91.54,35,0,3.44,clear sky
261,Parabel,RU,58.6978,81.4825,13.35,89,6,11.14,clear sky
262,Tuy Hoa,VN,13.0833,109.3,76.21,88,0,3.94,clear sky
263,Boyolangu,ID,-8.1181,111.8935,74.62,93,100,3.02,overcast clouds
264,Huangnihe,CN,43.5583,128.0239,31.48,67,96,14.79,overcast clouds
265,Zeya,RU,53.75,127.2667,18.23,91,100,6.58,overcast clouds
266,Anloga,GH,5.7947,0.8973,83.14,79,100,5.5,light rain
267,Oktyabrskiy,RU,54.4815,53.471,30.36,91,99,20.27,overcast clouds
268,Gibara,CU,21.1097,-76.1317,81.72,69,80,14.56,broken clouds
269,Ketchikan,US,55.3422,-131.6461,45.07,76,20,11.5,few clouds
270,Sidi Ali,DZ,36.0998,0.4206,54.5,76,9,4.05,clear sky
271,Tabou,CI,4.423,-7.3528,81.39,81,100,10.36,light rain
272,Kudahuvadhoo,MV,2.6708,72.8944,81.72,67,0,6.91,clear sky
273,Paita,PE,-5.0892,-81.1144,75.56,71,100,4.03,overcast clouds
274,Eirunepe,BR,-6.6603,-69.8736,88.72,55,88,3.02,overcast clouds
275,Mandiana,GN,10.6333,-8.6833,90.77,39,42,4.05,scattered clouds
276,Beringovskiy,RU,63.05,179.3167,-1.79,100,100,4.5,overcast clouds
277,Taperoa,BR,-7.2075,-36.8267,75.65,81,100,13.22,overcast clouds
278,Maniitsoq,GL,65.4167,-52.9,24.08,76,84,4.27,broken clouds
279,Sujiatun,CN,41.6592,123.3392,41.18,36,0,4.47,clear sky
280,Huntsville,US,34.7304,-86.5861,62.85,22,0,21.99,clear sky
281,Norman Wells,CA,65.282,-126.8329,1.44,55,20,8.05,few clouds
282,Ahipara,NZ,-35.1667,173.1667,61.79,86,0,7.72,clear sky
283,North Bend,US,43.4065,-124.2243,66.24,85,40,6.91,scattered clouds
284,Svetlogorsk,BY,52.6333,29.7333,37.15,53,16,20.65,few clouds
285,Hailin,CN,44.5833,129.4167,30.78,81,8,5.1,clear sky
286,Raudeberg,NO,61.9875,5.1352,41.86,69,100,17.63,overcast clouds
287,Viedma,AR,-40.8135,-62.9967,75.81,19,0,8.41,clear sky
288,Columbus,US,39.9612,-82.9988,37.92,70,100,21.85,overcast clouds
289,Qaanaaq,GL,77.484,-69.3632,2.26,89,99,3.15,overcast clouds
290,Dasoguz,TM,41.8363,59.9666,40.95,65,75,18.41,broken clouds
291,Rocha,UY,-34.4833,-54.3333,70.63,68,51,18.34,broken clouds
292,Namibe,AO,-15.1961,12.1522,72.73,79,13,10.51,few clouds
293,Lagoa,PT,39.05,-27.9833,59.38,87,100,23.04,overcast clouds
294,Sao Filipe,CV,14.8961,-24.4956,70.72,74,68,11.99,broken clouds
295,Cape Canaveral,US,28.4058,-80.6048,80.67,35,0,17.27,clear sky
296,Shurob,TJ,40.0491,70.5489,47.93,76,100,8.9,overcast clouds
297,Natal,BR,-5.795,-35.2094,84.42,74,75,9.22,broken clouds
298,Luanda,AO,-8.8368,13.2343,78.8,78,75,1.14,broken clouds
299,Kahului,US,20.8947,-156.47,71.96,89,75,11.5,light rain
300,Acapulco,MX,16.8634,-99.8901,82.22,61,100,12.66,overcast clouds
301,Bathsheba,BB,13.2167,-59.5167,84.81,61,40,20.71,scattered clouds
302,Elat,IL,29.5581,34.9482,62.44,23,0,13.8,clear sky
303,Maksatikha,RU,57.797,35.8825,27.0,91,100,14.18,light snow
304,Salinas,US,36.6777,-121.6555,75.99,60,0,6.91,clear sky
305,Sabha,LY,27.0377,14.4283,65.89,11,2,11.39,clear sky
306,Comodoro Rivadavia,AR,-45.8667,-67.5,80.46,14,0,14.97,clear sky
307,Coron,PH,11.9986,120.2043,78.17,84,81,3.11,broken clouds
308,Birao,CF,10.2849,22.7882,81.5,11,100,7.54,overcast clouds
309,Kuito,AO,-12.3833,16.9333,61.88,93,100,3.67,moderate rain
310,Kachiry,KZ,53.0675,76.1036,12.42,92,100,10.29,overcast clouds
311,Vardo,NO,70.3705,31.1107,27.45,58,100,28.12,light snow
312,Lukaya,UG,-0.1489,31.8748,68.34,80,70,3.06,broken clouds
313,Namatanai,PG,-3.6667,152.4333,78.96,82,100,4.45,overcast clouds
314,Yerbogachen,RU,61.2767,108.0108,16.93,90,100,7.52,overcast clouds
315,Koutsouras,GR,35.0339,25.9469,58.1,63,0,9.82,clear sky
316,Nouadhibou,MR,20.931,-17.0347,64.38,82,0,14.97,clear sky
317,Aripuana,BR,-9.1667,-60.6333,83.21,89,86,1.54,light rain
318,Miri,MY,4.4148,114.0089,78.94,100,40,2.3,light rain
319,Guerrero Negro,MX,27.9769,-114.0611,74.8,43,71,8.5,broken clouds
320,Sayyan,YE,15.1718,44.3244,61.88,24,17,10.47,few clouds
321,Grand Gaube,MU,-20.0064,57.6608,81.0,82,4,4.0,clear sky
322,Fort Nelson,CA,58.8053,-122.7002,22.59,58,75,3.44,broken clouds
323,Verkhnyaya Inta,RU,65.9811,60.3094,-0.44,99,100,7.23,overcast clouds
324,Paamiut,GL,61.994,-49.6678,29.3,77,0,14.92,clear sky
325,Ermelo,ZA,-26.5333,29.9833,58.15,79,99,2.33,overcast clouds
326,Magan,ES,39.9683,-3.931,55.92,84,100,6.08,overcast clouds
327,Biltine,TD,14.5333,20.9167,79.79,10,7,20.47,clear sky
328,Kargat,RU,55.1956,80.2811,-5.64,100,93,1.72,overcast clouds
329,Bloemhof,ZA,-27.6469,25.607,66.43,36,0,3.94,clear sky
330,Mokolo,CM,10.7398,13.8019,81.81,10,8,7.07,clear sky
331,Vanimo,PG,-2.6741,141.3028,76.96,89,100,6.76,moderate rain
332,Harbour Breton,CA,47.4833,-55.7983,36.21,98,100,14.32,overcast clouds
333,Saint-Georges,GD,12.0564,-61.7485,83.88,65,20,33.38,few clouds
334,Upernavik,GL,72.7868,-56.1549,12.15,91,100,4.9,overcast clouds
335,Puerto Rico,AR,-26.796,-55.024,80.17,44,0,4.88,clear sky
336,Rio Tuba,PH,8.5061,117.4317,79.95,82,94,1.77,overcast clouds
337,Torbay,CA,47.6666,-52.7314,39.76,96,100,5.75,light intensity drizzle
338,Ostrovnoy,RU,68.0531,39.5131,22.05,57,100,15.35,overcast clouds
339,Poum,NC,-20.2333,164.0167,79.84,74,65,14.74,broken clouds
340,Chirongui,YT,-12.9319,45.1483,82.33,77,64,2.8,light rain
341,Mecca,SA,21.4267,39.8261,69.69,45,0,9.28,clear sky
342,Mount Isa,AU,-20.7333,139.5,64.17,82,4,0.0,light rain
343,Sibolga,ID,1.7427,98.7792,75.7,84,3,3.85,clear sky
344,Manokwari,ID,-0.8667,134.0833,77.9,81,99,3.69,overcast clouds
345,Ambon,ID,-3.6954,128.1814,75.34,100,40,5.75,scattered clouds
346,Waitati,NZ,-45.75,170.5667,53.53,93,55,2.39,broken clouds
347,Constitucion,CL,-35.3333,-72.4167,62.17,66,63,7.47,broken clouds
348,Kampot,KH,10.6167,104.1833,80.65,84,57,7.09,broken clouds
349,Barrow,US,71.2906,-156.7887,-2.18,78,0,18.41,haze
350,Kichera,RU,55.9375,110.0997,12.06,93,100,1.34,light snow
351,Garowe,SO,8.4054,48.4845,74.93,49,5,14.74,clear sky
352,Mackenzie,CA,55.2999,-123.1698,35.82,55,0,5.75,clear sky
353,Yanam,IN,16.7333,82.2167,76.21,95,95,3.53,overcast clouds
354,Jinji,CN,23.2281,110.8261,64.18,84,100,4.83,overcast clouds
355,Plaster Rock,CA,46.9065,-67.39,37.6,100,100,3.91,overcast clouds
356,Camana,PE,-16.6228,-72.7111,74.16,73,9,8.79,clear sky
357,Hambantota,LK,6.1241,81.1185,78.37,82,7,3.44,clear sky
358,Limbe,CM,4.0242,9.2149,82.63,80,93,11.36,overcast clouds
359,Okato,NZ,-39.2,173.8833,60.91,70,40,16.2,scattered clouds
360,Pundaguitan,PH,6.3711,126.1689,78.39,83,100,12.41,overcast clouds
361,Rolla,US,37.9514,-91.7713,56.14,23,0,18.41,clear sky
362,Necochea,AR,-38.5473,-58.7368,62.94,90,100,17.43,overcast clouds
363,Sao Joao Da Barra,BR,-21.6403,-41.0511,87.89,77,22,14.34,few clouds
364,Suez,EG,29.9737,32.5263,60.62,32,0,9.75,clear sky
365,Hedaru,TZ,-4.5,37.9,75.49,72,64,4.27,broken clouds
366,Nelson Bay,AU,-32.7167,152.15,68.0,97,100,8.68,light rain
367,Broken Hill,AU,-31.95,141.4333,66.52,60,0,7.61,clear sky
368,Honiara,SB,-9.4333,159.95,75.34,96,100,2.08,overcast clouds
369,Pedernales,DO,18.0384,-71.744,83.64,57,53,8.23,broken clouds
370,Macau,MO,22.2006,113.5461,71.4,88,40,10.36,scattered clouds
371,Apsheronsk,RU,44.46,39.73,37.83,85,95,8.5,overcast clouds
372,Voykove,UA,45.3826,36.4372,43.21,82,3,19.44,clear sky
373,Pandamatenga,BW,-18.5278,25.627,72.36,73,75,3.51,broken clouds
374,Chicama,PE,-7.8447,-79.1469,70.34,60,99,8.43,overcast clouds
375,Walvis Bay,NA,-22.9575,14.5053,65.35,72,0,2.3,clear sky
376,Narsaq,GL,60.9167,-46.05,30.42,68,38,0.6,scattered clouds
377,Khasan,RU,42.4308,130.6434,36.99,75,0,7.7,clear sky
378,Idlib,SY,35.9306,36.6339,42.84,88,89,7.87,overcast clouds
379,Perevolotskiy,RU,51.8763,54.1938,27.7,96,100,7.9,overcast clouds
380,Najran,SA,17.4924,44.1277,72.25,25,3,4.47,clear sky
381,San Andres,CO,12.5847,-81.7006,86.02,58,20,9.22,few clouds
382,Gweru,ZW,-19.45,29.8167,63.48,97,100,8.23,light rain
383,Lexington Park,US,38.2668,-76.4538,53.65,44,100,19.57,overcast clouds
384,Ciamis,ID,-7.3257,108.3534,72.81,92,100,1.97,overcast clouds
385,Chara,RU,56.9064,118.2631,9.27,85,99,2.24,overcast clouds
386,Sola,VU,-13.8833,167.55,82.2,73,97,8.86,moderate rain
387,Maun,BW,-19.9833,23.4167,73.36,78,0,4.61,clear sky
388,Kilindoni,TZ,-7.9139,39.6668,83.34,76,1,9.19,clear sky
389,Glenluce,GB,54.8798,-4.8084,51.1,73,77,5.01,broken clouds
390,Utmanzai,PK,34.188,71.7629,70.41,23,0,5.41,clear sky
391,Salekhard,RU,66.53,66.6019,-7.33,100,44,8.1,scattered clouds
392,Baculin,PH,7.4525,126.5842,76.57,94,100,8.23,overcast clouds
393,Nome,US,64.5011,-165.4064,11.16,85,40,0.0,scattered clouds
394,Ouesso,CG,1.6136,16.0517,77.77,64,100,2.28,overcast clouds
395,Saint-Joseph,RE,-21.3667,55.6167,77.38,86,27,7.16,scattered clouds
396,Shelton,US,41.3165,-73.0932,54.0,64,75,10.36,broken clouds
397,Hualmay,PE,-11.0964,-77.6139,75.51,70,100,10.33,overcast clouds
398,Mafeteng,LS,-29.823,27.2374,57.45,49,5,3.33,clear sky
399,Maryborough,AU,-25.5333,152.7,67.6,93,100,2.84,overcast clouds
400,Cervo,ES,43.6702,-7.4101,55.96,87,100,7.05,overcast clouds
401,Stepnyak,KZ,52.8339,70.7803,13.35,93,100,12.03,overcast clouds
402,Vilhena,BR,-12.7406,-60.1458,88.02,55,40,2.3,scattered clouds
403,Bosilegrad,RS,42.5011,22.4724,42.51,66,0,4.63,clear sky
404,Kampene,CD,-3.6,26.6667,69.62,99,100,2.95,moderate rain
405,Tonj,SS,7.2737,28.6822,88.41,14,77,4.56,broken clouds
406,Ransang,PH,8.9603,117.5828,79.09,86,39,4.27,scattered clouds
407,Salalah,OM,17.0151,54.0924,77.58,52,10,1.72,clear sky
408,Saldanha,ZA,-33.0117,17.9442,69.85,79,100,7.52,overcast clouds
409,Bilibino,RU,68.0546,166.4372,-10.34,100,100,2.71,overcast clouds
410,Salmo,CA,49.1999,-117.2689,49.89,97,100,1.95,overcast clouds
411,Rio Gallegos,AR,-51.6226,-69.2181,64.45,36,75,17.27,broken clouds
412,Arumbavur,IN,11.3833,78.7333,80.33,76,0,3.87,clear sky
413,Ajaccio,FR,42.0,8.9167,50.05,62,100,3.44,moderate rain
414,La Asuncion,VE,11.0333,-63.8628,80.15,74,79,19.06,broken clouds
415,Talnakh,RU,69.4865,88.3972,20.21,77,100,4.74,overcast clouds
416,Penzance,GB,50.1186,-5.5371,50.68,75,0,19.57,clear sky
417,Gizo,SB,-8.103,156.8419,79.79,79,86,4.7,overcast clouds
418,Illapel,CL,-31.6308,-71.1653,77.09,46,0,8.72,clear sky
419,Wahpeton,US,46.2652,-96.6059,27.32,50,0,18.41,clear sky
420,Alofi,NU,-19.0595,-169.9187,78.69,94,100,6.91,overcast clouds
421,Kisangani,CD,0.5167,25.2,78.76,66,82,3.15,broken clouds
422,Touzim,CZ,50.0605,12.9851,48.76,58,20,0.0,few clouds
423,Yuci,CN,37.6803,112.7319,37.15,22,0,4.47,clear sky
424,Arroio Dos Ratos,BR,-30.0772,-51.7292,73.02,58,56,10.16,broken clouds
425,Metlaltoyuca,MX,20.7333,-97.85,82.13,21,6,7.74,clear sky
426,Carbondale,US,37.7273,-89.2168,54.05,29,0,21.85,clear sky
427,Shenkursk,RU,62.1091,42.896,32.04,99,100,5.57,light snow
428,Peace River,CA,56.2501,-117.286,26.91,74,100,4.61,overcast clouds
429,Altamira,BR,-3.2033,-52.2064,91.49,62,75,3.44,broken clouds
430,Moree,AU,-29.4667,149.85,62.62,88,100,11.5,light rain
431,Igarka,RU,67.4667,86.5833,21.56,89,100,13.33,overcast clouds
432,Matagami,CA,49.7502,-77.6328,30.31,93,100,19.57,snow
433,Carmarthen,GB,51.8555,-4.3054,57.15,71,0,2.3,clear sky
434,Sinnamary,GF,5.3833,-52.95,80.71,75,97,13.6,overcast clouds
435,Zaysan,KZ,47.4667,84.8667,28.22,80,100,3.47,overcast clouds
436,Sorong,ID,-0.8833,131.25,78.44,85,57,2.26,light rain
437,Bengkulu,ID,-3.8004,102.2655,76.86,90,90,7.29,overcast clouds
438,La Grande,US,45.3246,-118.0877,63.01,52,100,1.39,overcast clouds
439,Dawei,MM,14.0833,98.2,79.59,88,75,3.04,broken clouds
440,Vila,PT,42.0304,-8.1588,50.88,78,63,2.95,broken clouds
441,Santiago Del Estero,AR,-27.7951,-64.2615,82.63,26,0,7.14,clear sky
442,Christchurch,NZ,-43.5333,172.6333,55.99,91,75,2.3,broken clouds
443,Lamesa,US,32.7376,-101.951,77.52,10,42,6.89,scattered clouds
444,Manoel Urbano,BR,-8.8389,-69.2597,85.46,70,100,1.25,overcast clouds
445,Camocim,BR,-2.9022,-40.8411,81.48,84,100,9.69,overcast clouds
446,Krasnovishersk,RU,60.4078,57.082,28.99,96,100,12.15,light snow
447,Periam,RO,46.05,20.8667,56.97,43,0,7.16,clear sky
448,Itapirapua,BR,-15.8233,-50.6133,88.57,53,14,1.25,few clouds
449,Laguna,US,38.421,-121.4238,78.17,52,0,5.75,clear sky
450,Seoul,KR,37.5683,126.9778,40.44,87,0,6.91,clear sky
451,Kawalu,ID,-7.3817,108.2082,71.85,93,100,2.01,overcast clouds
452,Nuuk,GL,64.1835,-51.7216,25.41,68,20,15.01,few clouds
453,Elko,US,41.0002,-115.5012,68.05,18,99,8.01,overcast clouds
454,Sanwer,IN,22.9833,75.8333,74.05,17,0,7.45,clear sky
455,Saint-Pierre,RE,-21.3393,55.4781,78.48,74,0,5.75,clear sky
456,Tura,IN,25.5198,90.2201,69.31,83,5,6.29,clear sky
457,Sao Gabriel Da Cachoeira,BR,-0.1303,-67.0892,82.31,85,100,1.41,overcast clouds
458,Arlit,NE,18.7369,7.3853,84.65,8,63,11.5,broken clouds
459,Calamar,CO,10.2511,-74.9146,97.23,35,99,4.05,overcast clouds
460,Nyrob,RU,60.733,56.7202,28.53,96,100,13.33,light snow
461,Rawson,AR,-43.3002,-65.1023,76.77,27,0,23.09,clear sky
462,Petropavlovsk-Kamchatskiy,RU,53.0452,158.6483,12.79,73,0,6.71,clear sky
463,Aklavik,CA,68.2191,-135.0107,-2.2,65,20,8.05,few clouds
464,Mitu,CO,1.1983,-70.1733,81.0,86,100,1.23,overcast clouds
465,Abu Dhabi,AE,24.4667,54.3667,75.31,68,0,9.22,clear sky
466,Bassila,BJ,9.0081,1.6654,92.62,27,98,3.98,overcast clouds
467,Salta,AR,-24.7859,-65.4117,75.79,39,20,8.05,few clouds
468,Timmins,CA,48.4669,-81.3331,19.22,73,100,16.11,light snow
469,Wajir,KE,1.7471,40.0573,85.55,45,100,8.3,light rain
470,Trat,TH,12.5,102.5,84.9,87,10,0.4,clear sky
471,Morondava,MG,-20.2833,44.2833,82.15,75,0,11.03,clear sky
472,Dandong,CN,40.1292,124.3947,43.25,42,100,16.11,overcast clouds
473,Awbari,LY,26.5921,12.7805,68.65,11,57,11.18,broken clouds
474,Dicabisagan,PH,17.0818,122.4157,77.94,86,8,4.29,clear sky
475,Cairns,AU,-16.9167,145.7667,74.07,94,100,4.61,overcast clouds
476,Homer,US,59.6425,-151.5483,37.29,81,100,5.99,overcast clouds
477,Shishou,CN,29.7226,112.419,53.82,81,100,5.32,overcast clouds
478,Sile,TR,41.1754,29.6133,44.56,59,0,1.01,clear sky
479,Cotonou,BJ,6.3654,2.4183,84.18,84,40,12.66,scattered clouds
480,Kieta,PG,-6.2167,155.6333,77.09,89,100,6.67,overcast clouds
481,Mpanda,TZ,-6.3655,31.0409,67.33,92,5,0.74,clear sky
482,Portland,US,45.5234,-122.6762,66.29,71,75,5.75,broken clouds
483,Salihorsk,BY,52.7876,27.5415,37.45,52,17,22.68,few clouds
484,Shelburne,CA,44.0787,-80.2041,36.12,95,100,16.44,overcast clouds
485,Tara,RU,56.8944,74.371,-1.64,99,19,3.04,few clouds
486,Srandakan,ID,-7.9386,110.2506,75.24,91,100,4.0,overcast clouds
487,Okha,RU,53.5739,142.9478,27.77,97,100,15.19,light snow
488,Nanyang,CN,32.9947,112.5328,53.4,64,100,3.53,overcast clouds
489,Huilong,CN,31.8111,121.655,52.93,53,100,5.21,overcast clouds
490,Wellingborough,GB,52.3027,-0.6945,53.49,82,11,9.33,few clouds
491,Maloy,NO,61.9353,5.1136,42.73,69,100,16.62,overcast clouds
492,Kavieng,PG,-2.5744,150.7967,81.68,75,100,6.42,overcast clouds
493,Vawkavysk,BY,53.1561,24.4513,37.13,52,9,21.94,clear sky
494,Bereda,ES,43.2686,-7.5406,57.58,84,99,2.86,overcast clouds
495,Praya,CV,14.9215,-23.5087,72.14,64,40,19.57,scattered clouds
496,Ewa Beach,US,21.3156,-158.0072,78.01,54,20,11.5,few clouds
497,Burgeo,CA,47.6167,-57.6152,34.75,96,98,13.71,overcast clouds
498,Bijar,IR,35.8668,47.6051,32.9,64,2,6.2,clear sky
499,Puerto Del Rosario,ES,28.5004,-13.8627,65.95,72,20,0.0,few clouds
500,Kaeo,NZ,-35.1,173.7833,58.32,94,4,4.74,clear sky
501,Dawson Creek,CA,55.7666,-120.2362,28.04,80,100,3.44,overcast clouds
502,Lanzhou,CN,36.0564,103.7922,43.57,26,72,1.83,broken clouds
503,Catamarca,AR,-28.4696,-65.7852,86.77,28,0,5.01,clear sky
504,Sergeyevka,KZ,53.88,67.4158,12.51,91,100,10.74,overcast clouds
505,Batagay-Alyta,RU,67.8006,130.4114,-4.2,87,100,5.66,overcast clouds
506,Herat,AF,34.5,62.0,49.64,56,0,12.91,clear sky
507,Buchanan,LR,5.8808,-10.0467,78.91,89,95,4.94,heavy intensity rain
508,Lewistown,US,40.5992,-77.5714,46.62,81,75,10.36,broken clouds
509,Waipawa,NZ,-41.4122,175.5153,53.98,89,94,11.41,overcast clouds
510,Inhambane,MZ,-23.865,35.3833,73.36,86,100,6.02,overcast clouds
511,Puro,PH,12.4841,123.3827,79.66,84,47,9.26,scattered clouds
512,Olavarria,AR,-36.8927,-60.3225,66.02,72,21,11.5,few clouds
513,Kerman,IR,30.2832,57.0788,57.06,15,0,11.5,clear sky
514,Los Zacatones,MX,22.95,-102.05,72.46,10,85,6.8,overcast clouds
515,Dubasari,MD,47.2631,29.1608,60.3,40,100,16.17,overcast clouds
516,Cockburn Town,TC,21.4612,-71.1419,82.36,57,40,13.8,scattered clouds
517,Hukuntsi,BW,-24.0,21.75,75.78,46,61,7.43,broken clouds
518,Maskinonge,CA,46.2286,-73.0192,40.51,75,100,14.97,overcast clouds
519,Bossier City,US,32.516,-93.7321,78.76,32,0,9.22,clear sky
520,Juegang,CN,32.3174,121.1855,52.92,57,100,5.88,overcast clouds
521,Lovozero,RU,68.005,35.0117,13.69,83,8,15.59,clear sky
522,Kabompo,ZM,-13.5927,24.2008,66.88,92,90,1.05,overcast clouds
523,Atambua,ID,-9.1061,124.8925,72.41,88,100,2.51,overcast clouds
524,Aldan,RU,58.6031,125.3894,1.74,96,94,4.52,overcast clouds
525,Gunnedah,AU,-30.9833,150.25,60.89,83,100,7.05,overcast clouds
526,Dunedin,NZ,-45.8742,170.5036,54.39,88,74,2.8,broken clouds
527,Maryville,US,35.7565,-83.9705,58.91,20,20,21.85,few clouds
528,Coos Bay,US,43.3665,-124.2179,66.31,86,40,6.91,scattered clouds
529,Catabola,AO,-12.15,17.2833,63.39,95,100,2.33,moderate rain
530,Zurrieq,MT,35.8311,14.4742,57.96,88,20,25.32,few clouds
531,Kungurtug,RU,50.5994,97.5228,0.52,92,17,2.28,few clouds
532,Olga,RU,43.7444,135.2892,35.38,71,6,9.42,clear sky
533,Bac Lieu,VN,9.285,105.7244,82.02,78,4,6.17,clear sky
534,Barrhead,GB,55.7992,-4.3929,54.75,68,14,3.44,few clouds
535,Lamu,KE,-2.2717,40.902,80.06,91,8,8.05,clear sky
536,Flin Flon,CA,54.7682,-101.865,3.04,36,0,10.36,clear sky
537,Lazurne,UA,46.084,32.5295,44.82,74,56,24.96,broken clouds
538,Floro,NO,61.5996,5.0328,42.96,70,75,10.36,broken clouds
539,Churapcha,RU,62.0025,132.4325,-9.71,100,100,1.5,overcast clouds
540,Xapuri,BR,-10.6517,-68.5044,74.17,97,100,5.7,overcast clouds
541,Marondera,ZW,-18.1853,31.5519,62.01,95,100,2.57,moderate rain
542,Fort Morgan,US,40.2503,-103.8,66.85,30,0,11.5,clear sky
543,Half Moon Bay,US,37.4636,-122.4286,73.54,74,20,11.5,mist
544,Tigil,RU,57.8,158.6667,7.36,95,100,5.68,overcast clouds
545,Rapid Valley,US,44.0625,-103.1463,45.32,34,75,13.8,broken clouds
546,Canico,PT,32.6333,-16.85,66.06,89,75,11.5,broken clouds
547,Hounde,BF,11.5,-3.5167,95.7,23,19,4.61,few clouds
548,Taybad,IR,34.74,60.7756,49.3,47,0,18.61,clear sky
549,Port Moresby,PG,-9.4431,147.1797,74.62,100,20,3.44,few clouds
550,Grand Forks,US,47.9417,-97.4337,19.33,45,20,23.02,few clouds
551,Holetown,BB,13.1867,-59.6381,84.76,73,100,16.17,overcast clouds
552,Bontang,ID,0.1333,117.5,77.23,89,21,3.83,few clouds
553,Srivardhan,IN,18.0333,73.0167,77.86,78,8,0.78,clear sky
554,Sehithwa,BW,-20.4667,22.7167,72.82,62,1,4.85,clear sky
555,Lujan,AR,-34.5703,-59.105,73.11,71,3,7.0,clear sky
556,Nikolayevsk-Na-Amure,RU,53.1406,140.73,23.45,96,100,7.45,snow
557,Jalu,LY,29.0331,21.5482,62.42,20,0,10.27,clear sky
558,Atar,MR,20.5169,-13.0499,84.4,8,4,10.13,clear sky
559,Pacifica,US,37.6138,-122.4869,70.99,76,40,11.5,mist
560,Ulagan,RU,50.6321,87.9563,10.67,87,99,2.48,overcast clouds
561,Sorland,NO,67.667,12.6934,32.54,52,100,1.01,overcast clouds
562,Eyl,SO,7.9803,49.8164,77.63,64,1,14.23,clear sky
563,Sokoto,NG,13.0609,5.239,86.49,10,34,11.34,scattered clouds
564,Port Hardy,CA,50.6996,-127.4199,46.58,87,100,10.36,light rain
565,Port Hedland,AU,-20.3167,118.5667,82.45,78,11,8.05,few clouds
566,Lopez Jaena,PH,10.8492,123.4278,78.13,85,100,6.22,moderate rain
567,Sulangan,PH,11.1373,123.7228,81.75,77,94,12.77,overcast clouds
568,Edd,ER,13.9297,41.6925,76.98,72,96,9.33,overcast clouds
569,Pontianak,ID,-0.0333,109.3333,75.18,94,100,3.44,overcast clouds
570,Yaan,NG,7.3833,8.5667,89.89,19,18,4.85,few clouds
571,Hami,CN,42.8,93.45,46.0,29,75,4.34,broken clouds
572,Vila Franca Do Campo,PT,37.7167,-25.4333,61.21,87,100,22.46,overcast clouds
573,Aleksandrov Gay,RU,50.147,48.5704,34.81,77,5,13.87,clear sky
574,Lerwick,GB,60.1545,-1.1494,46.4,90,92,11.36,overcast clouds
575,Roald,NO,62.5833,6.1333,45.75,75,75,11.5,broken clouds
576,Chanute,US,37.6792,-95.4572,59.11,25,0,0.0,clear sky
577,Marzuq,YE,14.4,46.4667,67.26,54,9,5.59,clear sky
578,Labuhan,ID,-6.8844,112.2051,76.42,91,100,6.06,overcast clouds
579,Muros,ES,42.7762,-9.0603,60.67,76,100,4.7,overcast clouds
580,Matinha,BR,-3.1006,-45.0336,80.04,87,79,5.48,moderate rain
581,Alexandria,EG,31.2156,29.9553,58.96,72,40,6.91,scattered clouds
582,Samarai,PG,-10.6167,150.6667,81.73,76,100,4.43,overcast clouds
583,Grasse,FR,43.6667,6.9167,57.09,37,0,4.61,clear sky
584,Jilin,CN,43.0,126.0,30.99,53,100,13.69,overcast clouds
585,Waddan,LY,29.1614,16.139,63.52,13,0,17.63,clear sky
586,Smithers,CA,54.7804,-127.1743,37.72,81,100,3.44,light rain
587,Puerto Colombia,CO,10.9878,-74.9547,87.89,77,40,20.49,scattered clouds
588,Jardim,BR,-21.4803,-56.1381,81.16,45,53,1.61,broken clouds
589,Yulara,AU,-25.2406,130.9889,66.04,32,1,5.75,clear sky
590,Kayseri,TR,38.737,35.4968,30.22,100,75,0.0,broken clouds
591,Luganville,VU,-15.5333,167.1667,79.12,87,94,1.03,overcast clouds
592,Deputatskiy,RU,69.3,139.9,-15.38,98,56,6.78,broken clouds
593,Ciudad Bolivar,VE,8.1222,-63.5497,86.99,50,100,9.91,overcast clouds
594,Wagar,SD,16.1525,36.2032,72.23,37,0,20.02,clear sky
595,Imbituba,BR,-28.24,-48.6703,81.82,66,10,6.02,clear sky
596,Amot,NO,59.5714,7.9877,29.95,89,100,4.88,overcast clouds
597,Brownwood,US,31.7093,-98.9912,92.52,7,0,8.05,clear sky
598,Broome,US,42.2506,-75.833,48.69,61,100,9.22,overcast clouds
599,La Crosse,US,43.8014,-91.2396,32.4,47,75,19.57,broken clouds
600,Acarau,BR,-2.8856,-40.12,81.43,80,100,12.37,overcast clouds
601,Papillion,US,41.1544,-96.0422,47.34,35,0,10.0,clear sky
602,Mariental,NA,-24.6333,17.9667,81.34,33,64,10.47,broken clouds
603,Sitka,US,57.0531,-135.33,39.09,70,20,4.61,few clouds
604,Mackay,AU,-21.15,149.2,75.18,94,100,5.75,overcast clouds
605,Bayir,TR,37.2687,28.2167,48.72,59,0,4.52,clear sky
606,Le Port,RE,-20.9373,55.2919,78.8,71,58,1.72,broken clouds
607,Massakory,TD,12.996,15.7293,83.75,9,49,16.51,scattered clouds
608,Pavino,RU,59.1139,46.1414,33.3,94,100,12.35,light snow
609,Usinsk,RU,65.9939,57.5281,4.75,96,100,15.14,overcast clouds
610,Klungkung,ID,-8.5333,115.4,75.96,92,9,3.36,clear sky
611,Kidal,ML,18.4411,1.4078,88.12,10,32,12.39,scattered clouds
612,Lisakovsk,KZ,52.5369,62.4936,9.28,97,99,7.14,overcast clouds
613,La Ligua,CL,-32.4524,-71.2311,70.45,54,0,8.99,clear sky
614,Flinders,AU,-34.5833,150.8552,62.38,94,100,5.01,light rain
615,Naze,JP,28.3667,129.4833,59.92,81,100,9.93,overcast clouds
616,Nioki,CD,-2.7167,17.6833,77.61,76,100,2.08,overcast clouds
617,Daokou,CN,35.5639,114.5058,48.49,20,100,16.17,overcast clouds
618,Tete,MZ,-16.1564,33.5867,82.49,74,75,5.75,thunderstorm
619,Lodja,CD,-3.4833,23.4333,75.02,69,100,2.64,overcast clouds
620,Pisco,PE,-13.7,-76.2167,71.65,64,0,6.91,light rain
621,Vysokogornyy,RU,50.1167,139.15,22.8,97,100,3.74,snow
622,Kilis,TR,36.7161,37.115,37.63,89,72,4.56,broken clouds
623,Bitung,ID,1.4451,125.1824,74.25,84,89,4.0,overcast clouds
624,Balanesti,RO,45.0667,23.4,47.01,61,1,4.29,clear sky
625,Butembo,CD,0.15,29.2833,60.71,89,99,2.73,light rain
626,Irituia,BR,-1.7711,-47.4381,78.4,95,67,4.41,broken clouds
627,Bilma,NE,18.6853,12.9164,76.39,11,56,6.96,broken clouds
628,Yatou,CN,37.15,122.3833,46.15,63,71,12.77,broken clouds
629,San Nicolas,PH,18.1725,120.5953,79.12,83,18,7.56,few clouds
630,Copiapo,CL,-27.3667,-70.3333,67.69,29,0,10.22,clear sky
631,Perigueux,FR,45.1833,0.7167,56.77,29,39,3.0,scattered clouds
632,Sterling,US,39.0062,-77.4286,50.77,50,40,18.41,scattered clouds
633,Mbaiki,CF,3.8678,17.9892,77.94,50,24,1.88,few clouds
634,Letlhakeng,BW,-24.0944,25.0298,66.83,78,14,5.66,few clouds
635,Halifax,CA,44.6453,-63.5724,51.69,82,60,5.99,broken clouds
636,Sao Felix Do Xingu,BR,-6.6447,-51.995,85.5,68,21,4.32,light rain
637,Seydi,TM,39.4816,62.9137,50.52,46,13,7.7,few clouds
638,Lufilufi,WS,-13.8745,-171.5986,82.18,76,79,14.92,light rain
639,Zhigansk,RU,66.7697,123.3711,1.11,98,100,8.37,overcast clouds
640,Maldonado,UY,-34.6667,-54.9167,68.23,86,100,16.73,overcast clouds
641,Sioux Lookout,CA,50.1001,-91.917,10.47,56,75,18.41,broken clouds
642,Lieksa,FI,63.3167,30.0167,21.36,76,100,18.37,overcast clouds
643,Manggar,ID,-2.8833,108.2667,78.51,84,43,3.71,scattered clouds
644,Katsuura,JP,35.1333,140.3,66.22,95,100,19.26,overcast clouds
645,Moroni,KM,-11.7022,43.2551,81.18,82,80,2.71,broken clouds
646,Jiazi,CN,22.8779,116.067,72.79,92,43,7.74,scattered clouds
647,West Wendover,US,40.7391,-114.0733,69.01,18,0,10.36,clear sky
648,Aswan,EG,24.0934,32.907,67.3,16,0,10.36,clear sky
649,Kipushi,CD,-11.7667,27.2333,63.91,93,96,2.33,light rain
650,Palpa,PE,-14.5336,-75.1856,87.84,37,98,13.89,overcast clouds
651,Denpasar,ID,-8.65,115.2167,76.71,100,75,4.61,broken clouds
652,Cedar City,US,37.6775,-113.0619,71.4,15,0,20.71,clear sky
653,Saraikela,IN,22.7167,85.95,81.54,16,26,4.94,scattered clouds
654,Barinas,VE,8.6226,-70.2075,92.71,38,100,6.96,overcast clouds
655,Lucera,IT,41.5082,15.3351,48.02,72,100,1.92,overcast clouds
656,Udachnyy,RU,66.4167,112.4,-5.35,100,100,2.35,overcast clouds
657,Peachland,CA,49.7665,-119.7357,59.14,50,74,1.99,broken clouds
658,Stelle,DE,53.3842,10.1114,47.41,87,36,5.14,scattered clouds
659,Gayny,RU,60.3071,54.3241,31.5,95,100,14.5,snow
660,Horsham,GB,51.064,-0.3272,55.65,61,0,11.5,clear sky
661,Anito,PH,12.4497,125.2886,77.9,89,100,8.9,overcast clouds
662,Rafaela,AR,-31.2503,-61.4867,78.98,38,0,1.01,clear sky
663,Barabai,ID,-2.5833,115.3833,74.28,95,40,1.03,light rain
664,Roma,US,43.2128,-75.4557,48.38,72,75,12.66,broken clouds
665,Krasnoarmeysk,RU,51.0239,45.6969,38.1,80,100,20.6,overcast clouds
666,Ancud,CL,-41.8697,-73.8203,55.22,92,96,20.18,moderate rain
667,Minudasht,IR,37.2289,55.3747,39.52,69,3,1.83,clear sky
668,Port Lincoln,AU,-34.7333,135.8667,64.26,77,90,5.79,overcast clouds
669,Presidencia Roque Saenz Pena,AR,-26.7852,-60.4388,80.49,39,0,3.22,clear sky
670,Oga,IT,46.4631,10.347,40.8,76,14,1.16,few clouds
671,Trapani,IT,37.8333,12.6667,58.24,82,0,9.22,clear sky
672,Mango,US,27.9797,-82.3065,79.25,53,0,8.05,clear sky
673,Khandyga,RU,62.6667,135.6,-18.71,100,100,2.06,overcast clouds
674,Macon,US,39.8667,-88.9668,42.66,45,75,21.85,broken clouds
675,Karanja,IN,20.4833,77.4833,85.91,16,4,5.7,clear sky
676,Prince Rupert,CA,54.3161,-130.3201,42.89,87,100,3.44,light rain
677,Pokhara,NP,28.2333,83.9833,66.94,21,0,7.18,clear sky
678,Nha Trang,VN,12.25,109.1833,78.8,88,1,3.76,clear sky
679,Humboldt,US,40.6665,-123.9178,62.6,45,100,4.54,overcast clouds
680,Analipsis,GR,35.3167,25.5667,58.1,58,0,4.9,clear sky
681,Abu Samrah,SY,35.3029,37.1841,48.6,80,82,23.69,broken clouds
682,Porlamar,VE,10.958,-63.8491,79.7,76,88,21.05,overcast clouds
683,Korla,CN,41.7597,86.1469,46.35,48,100,2.91,overcast clouds
